CountryCode,Country,Year,PeriodInDate,Flow,CountryImportCode,CountryImport,Value
9100,Developed Economies,2002,01/01/2002,Exports,9130,North America,795260876004.677
9100,Developed Economies,2002,01/01/2002,Exports,276,Germany,402714928222.48
9100,Developed Economies,2002,01/01/2002,Exports,9700,Eastern Asia,306270579843.112
9100,Developed Economies,2001,01/01/2001,Exports,9700,Eastern Asia,279271852760.965
9100,Developed Economies,2001,01/01/2001,Exports,251,France,266500038593.078
9100,Developed Economies,2002,01/01/2002,Exports,9600,Latin America and the Caribbean,223476948008.813
9100,Developed Economies,2001,01/01/2001,Exports,9610,Latin America,220552509683.693
9100,Developed Economies,2002,01/01/2002,Exports,9610,Latin America,203545018935.225
9100,Developed Economies,2002,01/01/2002,Exports,124,Canada,193958872261.863
9100,Developed Economies,2002,01/01/2002,Exports,9110,Asia-Pacific,167692651539.586
9100,Developed Economies,2001,01/01/2001,Exports,381,Italy,164954359619.485
9100,Developed Economies,2001,01/01/2001,Exports,528,Netherlands,161728994551.193
9100,Developed Economies,2001,01/01/2001,Exports,9730,South-Eastern Asia,149928677494.211
9100,Developed Economies,2001,01/01/2001,Exports,56,Belgium,138898457059.332
9100,Developed Economies,2002,01/01/2002,Exports,724,Spain,132607747723.071
9100,Developed Economies,2001,01/01/2001,Exports,484,Mexico,122063874441.902
9100,Developed Economies,2001,01/01/2001,Exports,392,Japan,121599198269.417
9100,Developed Economies,2002,01/01/2002,Exports,484,Mexico,118322867012.848
9100,Developed Economies,2001,01/01/2001,Exports,9740,Western Asia,115137087187.983
9100,Developed Economies,2002,01/01/2002,Exports,156,China,104773545461.305
9100,Developed Economies,2002,01/01/2002,Exports,757,Switzerland,78739276438.6761
9100,Developed Economies,2001,01/01/2001,Exports,410,Rep. of Korea,69433244137.9214
9100,Developed Economies,2001,01/01/2001,Exports,344,"China, Hong Kong SAR",62760374044.6985
9100,Developed Economies,2001,01/01/2001,Exports,40,Austria,61568956192.7466
9100,Developed Economies,2002,01/01/2002,Exports,752,Sweden,61075262317.0419
9100,Developed Economies,2002,01/01/2002,Exports,490,"Other Asia, nes",60511384618.1328
9100,Developed Economies,2001,01/01/2001,Exports,490,"Other Asia, nes",59185809088.929
399,OPEC,2002,01/01/2002,Exports,9130,North America,54063011766.1482
9100,Developed Economies,2001,01/01/2001,Exports,702,Singapore,50292007403.1853
9100,Developed Economies,2001,01/01/2001,Exports,9300,Commonwealth of Independent States,45991911462.1675
9100,Developed Economies,2002,01/01/2002,Exports,9500,Sub-Saharan Africa,45832687201.0213
399,OPEC,2002,01/01/2002,Exports,490,"Other Asia, nes",45683507395.7286
9100,Developed Economies,2001,01/01/2001,Exports,372,Ireland,45218727932.8618
9100,Developed Economies,2002,01/01/2002,Exports,616,Poland,41491515343.6272
9100,Developed Economies,2002,01/01/2002,Exports,9400,Northern Africa,39183041596.1594
9100,Developed Economies,2001,01/01/2001,Exports,616,Poland,37693117879.8329
9100,Developed Economies,2002,01/01/2002,Exports,620,Portugal,37275859680.1933
9100,Developed Economies,2002,01/01/2002,Exports,643,Russian Federation,37020039776.7819
9100,Developed Economies,2001,01/01/2001,Exports,208,Denmark,36893770282.8117
9100,Developed Economies,2001,01/01/2001,Exports,36,Australia,36639513931.7945
9100,Developed Economies,2001,01/01/2001,Exports,76,Brazil,36194353635.5077
9100,Developed Economies,2001,01/01/2001,Exports,620,Portugal,35580571646.2443
9100,Developed Economies,2001,01/01/2001,Exports,9720,Southern Asia,34968229151.7506
9100,Developed Economies,2001,01/01/2001,Exports,643,Russian Federation,32596690542.7424
9100,Developed Economies,2002,01/01/2002,Exports,458,Malaysia,31440994730.5403
9100,Developed Economies,2001,01/01/2001,Exports,203,Czechia,30456922676.1191
9100,Developed Economies,2002,01/01/2002,Exports,579,Norway,29647089549.4158
9100,Developed Economies,2002,01/01/2002,Exports,792,Turkey,28631316320.1008
9100,Developed Economies,2002,01/01/2002,Exports,348,Hungary,28496094965.5244
9100,Developed Economies,2001,01/01/2001,Exports,579,Norway,27960886617.9528
9100,Developed Economies,2001,01/01/2001,Exports,246,Finland,27785353465.2019
399,OPEC,2002,01/01/2002,Exports,9900,Other,27604029677.2936
399,OPEC,2002,01/01/2002,Exports,899,"Areas, nes",27547318260.2936
9100,Developed Economies,2002,01/01/2002,Exports,764,Thailand,27077763549.655
399,OPEC,2001,01/01/2001,Exports,392,Japan,27063442453.326
9100,Developed Economies,2002,01/01/2002,Exports,9200,South-Eastern Europe,26745789548.1661
399,OPEC,2002,01/01/2002,Exports,9110,Asia-Pacific,25574860454.8156
9100,Developed Economies,2002,01/01/2002,Exports,300,Greece,24331746921.9979
9320,Europe,2001,01/01/2001,Exports,9300,Commonwealth of Independent States,23993367635
9100,Developed Economies,2001,01/01/2001,Exports,9900,Other,23824033863
9100,Developed Economies,2001,01/01/2001,Exports,682,Saudi Arabia,23619440156.5955
9100,Developed Economies,2001,01/01/2001,Exports,792,Turkey,22832967014.8831
9100,Developed Economies,2001,01/01/2001,Exports,376,Israel,22723981207.4486
9100,Developed Economies,2002,01/01/2002,Exports,608,Philippines,20027678685.0187
9100,Developed Economies,2002,01/01/2002,Exports,9620,The Caribbean,19931929073.5875
9100,Developed Economies,2001,01/01/2001,Exports,699,India,19301994269.2371
9100,Developed Economies,2001,01/01/2001,Exports,784,United Arab Emirates,19073618280.1609
9100,Developed Economies,2001,01/01/2001,Exports,9620,The Caribbean,19051480635.892
9100,Developed Economies,2002,01/01/2002,Exports,710,South Africa,17173529680.2012
9100,Developed Economies,2001,01/01/2001,Exports,710,South Africa,16798190802.0618
9100,Developed Economies,2001,01/01/2001,Exports,360,Indonesia,15262126870.8333
399,OPEC,2002,01/01/2002,Exports,568,"Other Europe, nes",15248060166.2683
9100,Developed Economies,2001,01/01/2001,Exports,839,Special Categories,14960522215
399,OPEC,2001,01/01/2001,Exports,637,"North America and Central America, nes",12784256206
9100,Developed Economies,2002,01/01/2002,Exports,642,Romania,12763862211.6135
399,OPEC,2001,01/01/2001,Exports,381,Italy,12161523340.1581
399,OPEC,2002,01/01/2002,Exports,9740,Western Asia,12035323375.6908
399,OPEC,2002,01/01/2002,Exports,9600,Latin America and the Caribbean,11935026231.0394
9100,Developed Economies,2001,01/01/2001,Exports,818,Egypt,11581997850.9539
9100,Developed Economies,2002,01/01/2002,Exports,442,Luxembourg,11354551627.4438
9100,Developed Economies,2001,01/01/2001,Exports,642,Romania,11310720395.4934
9100,Developed Economies,2001,01/01/2001,Exports,703,Slovakia,11001721777.316
9100,Developed Economies,2001,01/01/2001,Exports,862,Venezuela,10496821185.5749
9320,Europe,2002,01/01/2002,Exports,9700,Eastern Asia,10469164530.8172
399,OPEC,2002,01/01/2002,Exports,9720,Southern Asia,10451017290.3912
9320,Europe,2003,01/01/2003,Exports,381,Italy,10017413459
9320,Europe,2002,01/01/2002,Exports,9740,Western Asia,10014183531.1321
9100,Developed Economies,2002,01/01/2002,Exports,705,Slovenia,9680487511.85146
399,OPEC,2001,01/01/2001,Exports,9740,Western Asia,9550234784.47179
9100,Developed Economies,2002,01/01/2002,Exports,12,Algeria,9314567785.65213
9100,Developed Economies,2001,01/01/2001,Exports,554,New Zealand,9279618193.28948
9100,Developed Economies,2000,01/01/2000,Exports,554,New Zealand,9226532038.58697
9320,Europe,2002,01/01/2002,Exports,276,Germany,9188308050.85879
9100,Developed Economies,2001,01/01/2001,Exports,705,Slovenia,9047341962.91795
399,OPEC,2001,01/01/2001,Exports,9730,South-Eastern Asia,9030098635.80896
399,OPEC,2001,01/01/2001,Exports,410,Rep. of Korea,9020487244.10377
399,OPEC,2002,01/01/2002,Exports,9610,Latin America,8893196808.22968
399,OPEC,2000,01/01/2000,Exports,251,France,8676503156.8542
9100,Developed Economies,2001,01/01/2001,Exports,364,Iran,8636104213.16524
9100,Developed Economies,2002,01/01/2002,Exports,862,Venezuela,8380257435.48258
9320,Europe,2001,01/01/2001,Exports,381,Italy,8364776476
399,OPEC,2001,01/01/2001,Exports,9720,Southern Asia,8290841958.74051
9320,Europe,2000,01/01/2000,Exports,9740,Western Asia,8221402662.72851
9320,Europe,2000,01/01/2000,Exports,9700,Eastern Asia,8189281496.55207
399,OPEC,2002,01/01/2002,Exports,9730,South-Eastern Asia,8181200362.59449
9320,Europe,2002,01/01/2002,Exports,528,Netherlands,8093746802
9320,Europe,2000,01/01/2000,Exports,381,Italy,8005550410.41822
9100,Developed Economies,2002,01/01/2002,Exports,591,Panama,7860780226.50563
9320,Europe,2002,01/01/2002,Exports,156,China,7747612116.80316
399,OPEC,2001,01/01/2001,Exports,251,France,7637511021.13466
9100,Developed Economies,2001,01/01/2001,Exports,788,Tunisia,7420562847.99368
9100,Developed Economies,2001,01/01/2001,Exports,504,Morocco,7420198261.86112
9320,Europe,2000,01/01/2000,Exports,643,Russian Federation,7415451781
9320,Europe,2002,01/01/2002,Exports,643,Russian Federation,7362320986.03439
9100,Developed Economies,2002,01/01/2002,Exports,899,"Areas, nes",6759746025.52295
9100,Developed Economies,2001,01/01/2001,Exports,804,Ukraine,6619872066.64687
399,OPEC,2002,01/01/2002,Exports,724,Spain,6498162019.26257
9100,Developed Economies,2001,01/01/2001,Exports,191,Croatia,6492614527.51306
9100,Developed Economies,2002,01/01/2002,Exports,152,Chile,6444694516.83272
9100,Developed Economies,2002,01/01/2002,Exports,170,Colombia,6299713872.10383
9320,Europe,2002,01/01/2002,Exports,804,Ukraine,6218236504
9100,Developed Economies,2001,01/01/2001,Exports,566,Nigeria,6088179218.75685
9100,Developed Economies,2001,01/01/2001,Exports,214,Dominican Rep.,5859463355.48156
9320,Europe,2000,01/01/2000,Exports,804,Ukraine,5619694543
9100,Developed Economies,2002,01/01/2002,Exports,440,Lithuania,5573607115.17748
9320,Europe,2001,01/01/2001,Exports,112,Belarus,5523428652
399,OPEC,2002,01/01/2002,Exports,9400,Northern Africa,5102793206.00391
9320,Europe,2001,01/01/2001,Exports,9130,North America,5079992155
9320,Europe,2001,01/01/2001,Exports,616,Poland,4946410956
9100,Developed Economies,2002,01/01/2002,Exports,704,Viet Nam,4943183519.30538
9320,Europe,2000,01/01/2000,Exports,9600,Latin America and the Caribbean,4848594578.30219
9100,Developed Economies,2001,01/01/2001,Exports,9800,Oceania,4695181770.54044
9320,Europe,2002,01/01/2002,Exports,792,Turkey,4622758306.77111
9320,Europe,2000,01/01/2000,Exports,528,Netherlands,4620918942.18121
9100,Developed Economies,2001,01/01/2001,Exports,414,Kuwait,4601880496.37027
399,OPEC,2002,01/01/2002,Exports,528,Netherlands,4517982542.98467
9100,Developed Economies,2001,01/01/2001,Exports,440,Lithuania,4502102301.15235
399,OPEC,2002,01/01/2002,Exports,702,Singapore,4434018852.34492
9100,Developed Economies,2001,01/01/2001,Exports,9310,Asia,4399422021.78415
399,OPEC,2002,01/01/2002,Exports,699,India,4350462067.6765
9320,Europe,2001,01/01/2001,Exports,9310,Asia,4298820371
9100,Developed Economies,2001,01/01/2001,Exports,704,Viet Nam,4263390081.71765
399,OPEC,2002,01/01/2002,Exports,9500,Sub-Saharan Africa,4148900937.34907
9100,Developed Economies,2001,01/01/2001,Exports,100,Bulgaria,4147538346.19551
9100,Developed Economies,2002,01/01/2002,Exports,891,Serbia and Montenegro,4009149741.41503
9320,Europe,2000,01/01/2000,Exports,792,Turkey,3998960731
9100,Developed Economies,2002,01/01/2002,Exports,32,Argentina,3995910812.18734
9100,Developed Economies,2002,01/01/2002,Exports,428,Latvia,3933764723.49953
9100,Developed Economies,2002,01/01/2002,Exports,586,Pakistan,3931511499.63105
9320,Europe,2002,01/01/2002,Exports,9600,Latin America and the Caribbean,3845344465.71247
399,OPEC,2003,01/01/2003,Exports,276,Germany,3735056418.22802
9100,Developed Economies,2002,01/01/2002,Exports,196,Cyprus,3714462558.09736
9320,Europe,2000,01/01/2000,Exports,9620,The Caribbean,3704237073.77286
9100,Developed Economies,2001,01/01/2001,Exports,428,Latvia,3613094340.68711
9100,Developed Economies,2001,01/01/2001,Exports,188,Costa Rica,3555393614.9275
9100,Developed Economies,2002,01/01/2002,Exports,434,Libya,3523039388.9134
399,OPEC,2000,01/01/2000,Exports,76,Brazil,3515032106.37423
9100,Developed Economies,2001,01/01/2001,Exports,422,Lebanon,3491362386.1897
9100,Developed Economies,2001,01/01/2001,Exports,233,Estonia,3304082532.58806
9100,Developed Economies,2002,01/01/2002,Exports,470,Malta,3096453729.07128
399,OPEC,2001,01/01/2001,Exports,76,Brazil,3048966819.19906
399,OPEC,2002,01/01/2002,Exports,9620,The Caribbean,3041829422.80967
9100,Developed Economies,2001,01/01/2001,Exports,837,Bunkers,3018618008
9320,Europe,2002,01/01/2002,Exports,9720,Southern Asia,3001100997.40793
9320,Europe,2002,01/01/2002,Exports,246,Finland,2979749690
9100,Developed Economies,2002,01/01/2002,Exports,320,Guatemala,2977647415.394
399,OPEC,2002,01/01/2002,Exports,577,"Other Africa, nes",2964334359
9100,Developed Economies,2002,01/01/2002,Exports,604,Peru,2937887659.84716
9100,Developed Economies,2001,01/01/2001,Exports,434,Libya,2879801160.28814
9100,Developed Economies,2002,01/01/2002,Exports,760,Syria,2853125386.23709
399,OPEC,2002,01/01/2002,Exports,364,Iran,2848388196.85577
9320,Europe,2000,01/01/2000,Exports,348,Hungary,2799324982
9320,Europe,2002,01/01/2002,Exports,348,Hungary,2787393322.28067
399,OPEC,2001,01/01/2001,Exports,276,Germany,2762191311.56821
9320,Europe,2002,01/01/2002,Exports,9620,The Caribbean,2758786059.84365
9100,Developed Economies,2001,01/01/2001,Exports,340,Honduras,2725465007.48237
9100,Developed Economies,2001,01/01/2001,Exports,218,Ecuador,2703238963.59634
9100,Developed Economies,2002,01/01/2002,Exports,512,Oman,2689967500.01363
9320,Europe,2002,01/01/2002,Exports,398,Kazakhstan,2647125866
9320,Europe,2002,01/01/2002,Exports,92,Br. Virgin Isds,2633393250
9100,Developed Economies,2001,01/01/2001,Exports,430,Liberia,2612033807.33384
399,OPEC,2002,01/01/2002,Exports,156,China,2595391468.15447
9100,Developed Economies,2001,01/01/2001,Exports,222,El Salvador,2591613915.52386
9100,Developed Economies,2001,01/01/2001,Exports,512,Oman,2586957061.8237
9320,Europe,2002,01/01/2002,Exports,9730,South-Eastern Asia,2574790377.00005
9100,Developed Economies,2001,01/01/2001,Exports,568,"Other Europe, nes",2568843430
9320,Europe,2001,01/01/2001,Exports,9110,Asia-Pacific,2521575830
9320,Europe,2001,01/01/2001,Exports,757,Switzerland,2450925328
9100,Developed Economies,2001,01/01/2001,Exports,368,Iraq,2439785678
9100,Developed Economies,2001,01/01/2001,Exports,70,Bosnia Herzegovina,2437860794.031
9320,Europe,2001,01/01/2001,Exports,9200,South-Eastern Europe,2431105479
399,OPEC,2002,01/01/2002,Exports,784,United Arab Emirates,2423547681.12167
9320,Europe,2001,01/01/2001,Exports,251,France,2402612963
9320,Europe,2002,01/01/2002,Exports,703,Slovakia,2343141621
9100,Developed Economies,2001,01/01/2001,Exports,400,Jordan,2288427594.05066
9320,Europe,2000,01/01/2000,Exports,9720,Southern Asia,2268778351.19141
399,OPEC,2002,01/01/2002,Exports,360,Indonesia,2131574338.70211
9100,Developed Economies,2001,01/01/2001,Exports,634,Qatar,2126889167.4902
399,OPEC,2001,01/01/2001,Exports,586,Pakistan,2123749459.4905
9320,Europe,2001,01/01/2001,Exports,440,Lithuania,2114136205
9100,Developed Economies,2002,01/01/2002,Exports,430,Liberia,2085832099.70362
9100,Developed Economies,2001,01/01/2001,Exports,388,Jamaica,2053265298.21991
9100,Developed Economies,2001,01/01/2001,Exports,352,Iceland,2016861661.3651
399,OPEC,2001,01/01/2001,Exports,784,United Arab Emirates,2016607406.6504
399,OPEC,2002,01/01/2002,Exports,792,Turkey,1967233753.54331
9320,Europe,2000,01/01/2000,Exports,203,Czechia,1966235040
9100,Developed Economies,2001,01/01/2001,Exports,44,Bahamas,1907801843.73887
9320,Europe,2000,01/01/2000,Exports,196,Cyprus,1905078292
9100,Developed Economies,2001,01/01/2001,Exports,780,Trinidad and Tobago,1897728843.31679
9320,Europe,2002,01/01/2002,Exports,392,Japan,1886847436.97467
9100,Developed Economies,2001,01/01/2001,Exports,112,Belarus,1881621564.91422
399,OPEC,2001,01/01/2001,Exports,364,Iran,1864658474.28199
9100,Developed Economies,2001,01/01/2001,Exports,50,Bangladesh,1854289580.5261
9100,Developed Economies,2001,01/01/2001,Exports,398,Kazakhstan,1844147863.28268
9320,Europe,2002,01/01/2002,Exports,233,Estonia,1839171486
399,OPEC,2001,01/01/2001,Exports,792,Turkey,1837361742.33905
9320,Europe,2002,01/01/2002,Exports,699,India,1837319175.40793
399,OPEC,2001,01/01/2001,Exports,360,Indonesia,1830595584.08567
9100,Developed Economies,2002,01/01/2002,Exports,24,Angola,1812552761.23031
9320,Europe,2002,01/01/2002,Exports,9400,Northern Africa,1794747858.26027
9320,Europe,2002,01/01/2002,Exports,196,Cyprus,1769590289
399,OPEC,2002,01/01/2002,Exports,9300,Commonwealth of Independent States,1753523177.37279
9100,Developed Economies,2001,01/01/2001,Exports,404,Kenya,1727976137.63628
9320,Europe,2002,01/01/2002,Exports,203,Czechia,1720809865.92243
9100,Developed Economies,2001,01/01/2001,Exports,60,Bermuda,1665528787
9320,Europe,2001,01/01/2001,Exports,428,Latvia,1664032992
399,OPEC,2001,01/01/2001,Exports,56,Belgium,1660863880.04946
9320,Europe,2003,01/01/2003,Exports,376,Israel,1643682681
9100,Developed Economies,2001,01/01/2001,Exports,192,Cuba,1629810029.79056
399,OPEC,2002,01/01/2002,Exports,124,Canada,1629017134.21136
9320,Europe,2000,01/01/2000,Exports,9730,South-Eastern Asia,1601359970.29337
9100,Developed Economies,2001,01/01/2001,Exports,530,Neth. Antilles,1582357227.64148
9100,Developed Economies,2001,01/01/2001,Exports,144,Sri Lanka,1568800714.56327
9100,Developed Economies,2001,01/01/2001,Exports,48,Bahrain,1561349608.13077
399,OPEC,2002,01/01/2002,Exports,530,Neth. Antilles,1513793223
9100,Developed Economies,2002,01/01/2002,Exports,292,Gibraltar,1461323701.82339
9100,Developed Economies,2001,01/01/2001,Exports,807,TFYR of Macedonia,1374496797.16633
9320,Europe,2000,01/01/2000,Exports,9400,Northern Africa,1353646219.25004
9100,Developed Economies,2001,01/01/2001,Exports,384,Ivory Coast,1338151716.79652
9320,Europe,2000,01/01/2000,Exports,300,Greece,1328652059.18776
9100,Developed Economies,2002,01/01/2002,Exports,887,Yemen,1322806043.46408
9100,Developed Economies,2002,01/01/2002,Exports,288,Ghana,1320818610.89696
9100,Developed Economies,2001,01/01/2001,Exports,408,DPR Korea,1318513491.94562
9320,Europe,2001,01/01/2001,Exports,410,Rep. of Korea,1251254617
399,OPEC,2002,01/01/2002,Exports,473,"South America, nes",1229323656
9100,Developed Economies,2002,01/01/2002,Exports,120,Cameroon,1219595688.52399
9100,Developed Economies,2001,01/01/2001,Exports,858,Uruguay,1210392580.19095
399,OPEC,2002,01/01/2002,Exports,682,Saudi Arabia,1192520234.28755
9100,Developed Economies,2001,01/01/2001,Exports,136,Cayman Isds,1183007432
399,OPEC,2002,01/01/2002,Exports,170,Colombia,1160541475.75013
9100,Developed Economies,2002,01/01/2002,Exports,20,Andorra,1155151458.24669
9320,Europe,2001,01/01/2001,Exports,724,Spain,1150147663
9320,Europe,2000,01/01/2000,Exports,9610,Latin America,1144357504.52932
399,OPEC,2002,01/01/2002,Exports,512,Oman,1132724254.80621
9320,Europe,2001,01/01/2001,Exports,642,Romania,1126044134
9320,Europe,2000,01/01/2000,Exports,376,Israel,1125323929.4678
9320,Europe,2002,01/01/2002,Exports,9610,Latin America,1086558405.86882
399,OPEC,2001,01/01/2001,Exports,620,Portugal,1084312726.70815
9100,Developed Economies,2001,01/01/2001,Exports,686,Senegal,1077760651.65974
399,OPEC,2002,01/01/2002,Exports,9310,Asia,1072314162.37729
9320,Europe,2002,01/01/2002,Exports,300,Greece,1068114642.31046
9100,Developed Economies,2001,01/01/2001,Exports,8,Albania,1065468096.59063
9320,Europe,2001,01/01/2001,Exports,376,Israel,1060616367
9320,Europe,2000,01/01/2000,Exports,40,Austria,1014031098.55668
399,OPEC,2002,01/01/2002,Exports,764,Thailand,988072915.168865
9320,Europe,2003,01/01/2003,Exports,372,Ireland,950841884
9320,Europe,2002,01/01/2002,Exports,56,Belgium,940448595.485913
9320,Europe,2002,01/01/2002,Exports,364,Iran,938758366
9320,Europe,2001,01/01/2001,Exports,40,Austria,915402487
399,OPEC,2001,01/01/2001,Exports,414,Kuwait,882131850.586013
399,OPEC,2001,01/01/2001,Exports,36,Australia,858170543.547091
9320,Europe,2000,01/01/2000,Exports,56,Belgium,856068134.672946
399,OPEC,2001,01/01/2001,Exports,608,Philippines,831408611.185339
9320,Europe,2002,01/01/2002,Exports,818,Egypt,820342495
9100,Developed Economies,2002,01/01/2002,Exports,480,Mauritius,819281473.619637
9320,Europe,2002,01/01/2002,Exports,100,Bulgaria,818316989.570806
399,OPEC,2002,01/01/2002,Exports,368,Iraq,816902510.047952
399,OPEC,2002,01/01/2002,Exports,9800,Oceania,797142524.674533
9100,Developed Economies,2001,01/01/2001,Exports,258,French Polynesia,794848406.93126
399,OPEC,2002,01/01/2002,Exports,757,Switzerland,782572916.807829
9100,Developed Economies,2002,01/01/2002,Exports,858,Uruguay,749479140.838735
9100,Developed Economies,2001,01/01/2001,Exports,860,Uzbekistan,746943955.898146
9320,Europe,2000,01/01/2000,Exports,364,Iran,746872638
9320,Europe,2000,01/01/2000,Exports,292,Gibraltar,744672098.169319
9100,Developed Economies,2002,01/01/2002,Exports,332,Haiti,739956827.112429
9320,Europe,2002,01/01/2002,Exports,9500,Sub-Saharan Africa,733101871.390287
399,OPEC,2001,01/01/2001,Exports,214,Dominican Rep.,730035353
9100,Developed Economies,2002,01/01/2002,Exports,736,Fmr Sudan,725907016.77627
9320,Europe,2002,01/01/2002,Exports,490,"Other Asia, nes",723051608.637962
9100,Developed Economies,2002,01/01/2002,Exports,598,Papua New Guinea,708635799.611223
399,OPEC,2001,01/01/2001,Exports,344,"China, Hong Kong SAR",706552688.357644
9100,Developed Economies,2001,01/01/2001,Exports,540,New Caledonia,704399794.237021
9100,Developed Economies,2002,01/01/2002,Exports,860,Uzbekistan,686362802.275481
399,OPEC,2003,01/01/2003,Exports,643,Russian Federation,684414508.659747
9320,Europe,2000,01/01/2000,Exports,490,"Other Asia, nes",681811899.969108
399,OPEC,2002,01/01/2002,Exports,887,Yemen,676897284.951972
399,OPEC,2002,01/01/2002,Exports,710,South Africa,674045362.307326
399,OPEC,2002,01/01/2002,Exports,344,"China, Hong Kong SAR",673037648.592668
9320,Europe,2000,01/01/2000,Exports,818,Egypt,670945636
9100,Developed Economies,2001,01/01/2001,Exports,266,Gabon,664086864.358859
399,OPEC,2001,01/01/2001,Exports,604,Peru,662062045.768765
9100,Developed Economies,2002,01/01/2002,Exports,31,Azerbaijan,658478759.907179
9100,Developed Economies,2002,01/01/2002,Exports,584,Marshall Isds,653872225.510045
9320,Europe,2002,01/01/2002,Exports,702,Singapore,648889333.963288
9100,Developed Economies,2002,01/01/2002,Exports,600,Paraguay,643697478.263635
9320,Europe,2002,01/01/2002,Exports,498,Rep. of Moldova,613637475.262573
9100,Developed Economies,2002,01/01/2002,Exports,508,Mozambique,594069318.860263
9100,Developed Economies,2001,01/01/2001,Exports,834,United Rep. of Tanzania,592592454.902709
9100,Developed Economies,2001,01/01/2001,Exports,558,Nicaragua,581519565.812057
9100,Developed Economies,2000,01/01/2000,Exports,558,Nicaragua,580771629.118614
399,OPEC,2001,01/01/2001,Exports,404,Kenya,570692422.884301
9100,Developed Economies,2002,01/01/2002,Exports,178,Congo,569678147.280193
9320,Europe,2002,01/01/2002,Exports,784,United Arab Emirates,568081188
9100,Developed Economies,2001,01/01/2001,Exports,204,Benin,556757633.851836
9320,Europe,2002,01/01/2002,Exports,704,Viet Nam,555935684.021325
9320,Europe,2003,01/01/2003,Exports,76,Brazil,548191575
399,OPEC,2001,01/01/2001,Exports,818,Egypt,542181633.106453
9320,Europe,2002,01/01/2002,Exports,860,Uzbekistan,538504103.12773
399,OPEC,2002,01/01/2002,Exports,527,"Oceania, nes",536368426.495852
399,OPEC,2002,01/01/2002,Exports,760,Syria,535357510.634482
9320,Europe,2000,01/01/2000,Exports,9500,Sub-Saharan Africa,532479697.925878
9100,Developed Economies,2002,01/01/2002,Exports,324,Guinea,529201731.565952
399,OPEC,2001,01/01/2001,Exports,368,Iraq,526491720.578883
9100,Developed Economies,2002,01/01/2002,Exports,446,"China, Macao SAR",520051989.640914
9100,Developed Economies,2001,01/01/2001,Exports,795,Turkmenistan,510040517.439106
9100,Developed Economies,2001,01/01/2001,Exports,52,Barbados,508366337.014444
9320,Europe,2001,01/01/2001,Exports,368,Iraq,506486033
399,OPEC,2001,01/01/2001,Exports,634,Qatar,499509448.631422
399,OPEC,2001,01/01/2001,Exports,9800,Oceania,494818307.248286
399,OPEC,2002,01/01/2002,Exports,484,Mexico,494759964.057544
9100,Developed Economies,2001,01/01/2001,Exports,498,Rep. of Moldova,494305266.079881
9100,Developed Economies,2001,01/01/2001,Exports,231,Ethiopia,493997788.432053
9100,Developed Economies,2001,01/01/2001,Exports,242,Fiji,493976862.478389
399,OPEC,2001,01/01/2001,Exports,591,Panama,485627728
9320,Europe,2002,01/01/2002,Exports,208,Denmark,480314959.272939
9320,Europe,2000,01/01/2000,Exports,208,Denmark,470168637.710571
9320,Europe,2002,01/01/2002,Exports,191,Croatia,467762441
9100,Developed Economies,2001,01/01/2001,Exports,234,Faeroe Isds,462753453.445829
9100,Developed Economies,2002,01/01/2002,Exports,478,Mauritania,459237323.917913
9100,Developed Economies,2002,01/01/2002,Exports,768,Togo,452666194.260258
9320,Europe,2002,01/01/2002,Exports,458,Malaysia,437666147.025428
9100,Developed Economies,2001,01/01/2001,Exports,533,Aruba,430743059.892692
9320,Europe,2000,01/01/2000,Exports,498,Rep. of Moldova,424649932.83426
399,OPEC,2001,01/01/2001,Exports,780,Trinidad and Tobago,421007944.227133
399,OPEC,2001,01/01/2001,Exports,31,Azerbaijan,415600014.659975
9100,Developed Economies,2001,01/01/2001,Exports,798,Tuvalu,402644513.684931
9100,Developed Economies,2001,01/01/2001,Exports,68,Bolivia,402294594.031241
9100,Developed Economies,2002,01/01/2002,Exports,180,Dem.Rep. of the Congo,394316568.552446
9100,Developed Economies,2001,01/01/2001,Exports,92,Br. Virgin Isds,392190825.656081
9100,Developed Economies,2001,01/01/2001,Exports,268,Georgia,391893493.779193
9100,Developed Economies,2002,01/01/2002,Exports,304,Greenland,387367304.658861
9320,Europe,2002,01/01/2002,Exports,31,Azerbaijan,385887952.849963
9320,Europe,2001,01/01/2001,Exports,899,"Areas, nes",383646427
9100,Developed Economies,2002,01/01/2002,Exports,466,Mali,383404661.831361
399,OPEC,2001,01/01/2001,Exports,788,Tunisia,381477751.03349
399,OPEC,2002,01/01/2002,Exports,788,Tunisia,381434967.13362
399,OPEC,2001,01/01/2001,Exports,48,Bahrain,381067914.128887
9100,Developed Economies,2001,01/01/2001,Exports,516,Namibia,380697011.747235
399,OPEC,2002,01/01/2002,Exports,768,Togo,377435859.096113
9320,Europe,2001,01/01/2001,Exports,12,Algeria,373421584
9100,Developed Economies,2002,01/01/2002,Exports,795,Turkmenistan,371357582.648049
399,OPEC,2001,01/01/2001,Exports,384,Ivory Coast,370701336.44851
399,OPEC,2002,01/01/2002,Exports,780,Trinidad and Tobago,360932224.63635
399,OPEC,2002,01/01/2002,Exports,736,Fmr Sudan,350575159.011832
399,OPEC,2002,01/01/2002,Exports,300,Greece,344434539.762657
9320,Europe,2000,01/01/2000,Exports,458,Malaysia,340120753.460997
399,OPEC,2002,01/01/2002,Exports,152,Chile,339302104
399,OPEC,2002,01/01/2002,Exports,144,Sri Lanka,338638359.219862
9320,Europe,2001,01/01/2001,Exports,422,Lebanon,338235372
9100,Developed Economies,2001,01/01/2001,Exports,96,Brunei Darussalam,337072629.469893
9100,Developed Economies,2002,01/01/2002,Exports,148,Chad,337030337.089019
9320,Europe,2002,01/01/2002,Exports,891,Serbia and Montenegro,336476175
399,OPEC,2001,01/01/2001,Exports,400,Jordan,333218645.047429
9100,Developed Economies,2001,01/01/2001,Exports,508,Mozambique,333081394.79872
399,OPEC,2002,01/01/2002,Exports,504,Morocco,330320148.120438
9320,Europe,2000,01/01/2000,Exports,795,Turkmenistan,325166436
399,OPEC,2001,01/01/2001,Exports,288,Ghana,324074838.303712
9320,Europe,2001,01/01/2001,Exports,760,Syria,323119964
9320,Europe,2002,01/01/2002,Exports,682,Saudi Arabia,319708134
9100,Developed Economies,2001,01/01/2001,Exports,690,Seychelles,318953744.403041
9100,Developed Economies,2001,01/01/2001,Exports,104,Myanmar,316655428.409346
9320,Europe,2000,01/01/2000,Exports,372,Ireland,315663341.145433
9320,Europe,2002,01/01/2002,Exports,504,Morocco,309648359
399,OPEC,2002,01/01/2002,Exports,188,Costa Rica,307642553
9100,Developed Economies,2002,01/01/2002,Exports,740,Suriname,305955303.002715
9320,Europe,2001,01/01/2001,Exports,76,Brazil,303800907
9100,Developed Economies,2002,01/01/2002,Exports,28,Antigua and Barbuda,299664425.918677
9320,Europe,2000,01/01/2000,Exports,191,Croatia,298088518
9100,Developed Economies,2002,01/01/2002,Exports,450,Madagascar,285812117.455638
399,OPEC,2001,01/01/2001,Exports,458,Malaysia,285675082.131267
9100,Developed Economies,2002,01/01/2002,Exports,854,Burkina Faso,284216422.57112
9100,Developed Economies,2001,01/01/2001,Exports,148,Chad,284000591
399,OPEC,2001,01/01/2001,Exports,862,Venezuela,283792100.749489
399,OPEC,2001,01/01/2001,Exports,554,New Zealand,282140192.646898
9320,Europe,2002,01/01/2002,Exports,795,Turkmenistan,276012032
9100,Developed Economies,2001,01/01/2001,Exports,694,Sierra Leone,268561300.192566
399,OPEC,2001,01/01/2001,Exports,188,Costa Rica,263838994.73915
399,OPEC,2001,01/01/2001,Exports,434,Libya,262594709.806818
9100,Developed Economies,2001,01/01/2001,Exports,84,Belize,259058017.399069
9320,Europe,2000,01/01/2000,Exports,784,United Arab Emirates,258850937
399,OPEC,2001,01/01/2001,Exports,408,DPR Korea,258053629
9100,Developed Economies,2001,01/01/2001,Exports,51,Armenia,253833305.966158
9100,Developed Economies,2001,01/01/2001,Exports,577,"Other Africa, nes",253218295
9320,Europe,2000,01/01/2000,Exports,807,TFYR of Macedonia,252999717.066481
9100,Developed Economies,2002,01/01/2002,Exports,716,Zimbabwe,252171168.564331
9100,Developed Economies,2002,01/01/2002,Exports,328,Guyana,250865876.924217
9100,Developed Economies,2001,01/01/2001,Exports,562,Niger,250159474.989081
399,OPEC,2002,01/01/2002,Exports,752,Sweden,249722548.575563
399,OPEC,2002,01/01/2002,Exports,12,Algeria,249645009.45987
9100,Developed Economies,2001,01/01/2001,Exports,226,Equatorial Guinea,249468263.406877
9100,Developed Economies,2001,01/01/2001,Exports,800,Uganda,246902488.519178
9320,Europe,2001,01/01/2001,Exports,579,Norway,246132566
9100,Developed Economies,2002,01/01/2002,Exports,132,Cabo Verde,244722665.742855
9320,Europe,2002,01/01/2002,Exports,496,Mongolia,242421799
9320,Europe,2001,01/01/2001,Exports,764,Thailand,241876482
399,OPEC,2001,01/01/2001,Exports,736,Fmr Sudan,240461361.674014
9320,Europe,2001,01/01/2001,Exports,620,Portugal,234779448
399,OPEC,2002,01/01/2002,Exports,520,Nauru,232911041
9320,Europe,2001,01/01/2001,Exports,566,Nigeria,226698317
399,OPEC,2001,01/01/2001,Exports,218,Ecuador,225050897.067212
9100,Developed Economies,2002,01/01/2002,Exports,577,"Other Africa, nes",220018673
9100,Developed Economies,2001,01/01/2001,Exports,854,Burkina Faso,219989155.164013
9320,Europe,2002,01/01/2002,Exports,344,"China, Hong Kong SAR",219173962.887715
9320,Europe,2002,01/01/2002,Exports,887,Yemen,214047226
399,OPEC,2001,01/01/2001,Exports,752,Sweden,213595644.386248
9320,Europe,2002,01/01/2002,Exports,788,Tunisia,211762047.260267
9100,Developed Economies,2000,01/01/2000,Exports,562,Niger,211364288.482392
9100,Developed Economies,2001,01/01/2001,Exports,72,Botswana,210095434.317014
399,OPEC,2001,01/01/2001,Exports,32,Argentina,208151193.52212
399,OPEC,2001,01/01/2001,Exports,858,Uruguay,205329961.567367
399,OPEC,2002,01/01/2002,Exports,704,Viet Nam,203094503.243994
9320,Europe,2001,01/01/2001,Exports,591,Panama,201377122
399,OPEC,2002,01/01/2002,Exports,320,Guatemala,196016684.672779
9100,Developed Economies,2002,01/01/2002,Exports,516,Namibia,195637399.036771
399,OPEC,2001,01/01/2001,Exports,422,Lebanon,195383299.221472
9320,Europe,2001,01/01/2001,Exports,682,Saudi Arabia,190175178
9100,Developed Economies,2001,01/01/2001,Exports,116,Cambodia,189459863.371346
9320,Europe,2000,01/01/2000,Exports,496,Mongolia,189096497
9320,Europe,2003,01/01/2003,Exports,368,Iraq,188953945
399,OPEC,2001,01/01/2001,Exports,40,Austria,188940625.598802
9320,Europe,2002,01/01/2002,Exports,360,Indonesia,185188693
399,OPEC,2001,01/01/2001,Exports,834,United Rep. of Tanzania,184436266.648585
9100,Developed Economies,2002,01/01/2002,Exports,496,Mongolia,183624171.137769
9320,Europe,2001,01/01/2001,Exports,608,Philippines,182383907
399,OPEC,2002,01/01/2002,Exports,706,Somalia,179600843.463431
9100,Developed Economies,2002,01/01/2002,Exports,894,Zambia,172983824.321065
9320,Europe,2000,01/01/2000,Exports,484,Mexico,171878617.913941
9100,Developed Economies,2001,01/01/2001,Exports,262,Djibouti,168905997.129322
9100,Developed Economies,2002,01/01/2002,Exports,473,"South America, nes",168364963
9320,Europe,2000,01/01/2000,Exports,368,Iraq,165822979
9320,Europe,2002,01/01/2002,Exports,484,Mexico,162011167.622414
399,OPEC,2001,01/01/2001,Exports,804,Ukraine,161065243.212005
399,OPEC,2002,01/01/2002,Exports,686,Senegal,154576627.518148
9320,Europe,2002,01/01/2002,Exports,705,Slovenia,153337124
399,OPEC,2002,01/01/2002,Exports,795,Turkmenistan,151771935.53283
9320,Europe,2002,01/01/2002,Exports,470,Malta,150345368
9100,Developed Economies,2001,01/01/2001,Exports,662,Saint Lucia,149892568.795564
9320,Europe,2000,01/01/2000,Exports,344,"China, Hong Kong SAR",148798908.173711
9100,Developed Economies,2001,01/01/2001,Exports,232,Eritrea,145093825.612683
399,OPEC,2002,01/01/2002,Exports,558,Nicaragua,144828974
9100,Developed Economies,2001,01/01/2001,Exports,270,Gambia,141222505.123528
399,OPEC,2001,01/01/2001,Exports,44,Bahamas,141115683
399,OPEC,2002,01/01/2002,Exports,566,Nigeria,140937166.121789
399,OPEC,2003,01/01/2003,Exports,470,Malta,140270447.356237
9320,Europe,2000,01/01/2000,Exports,504,Morocco,140240851
399,OPEC,2001,01/01/2001,Exports,558,Nicaragua,139550446.273862
399,OPEC,2003,01/01/2003,Exports,458,Malaysia,139150903.593799
9100,Developed Economies,2002,01/01/2002,Exports,316,Guam,137642540
399,OPEC,2002,01/01/2002,Exports,120,Cameroon,134349353.711443
9320,Europe,2002,01/01/2002,Exports,51,Armenia,131506404
9100,Developed Economies,2001,01/01/2001,Exports,496,Mongolia,131320105.815365
9100,Developed Economies,2002,01/01/2002,Exports,454,Malawi,130536632.442061
9100,Developed Economies,2001,01/01/2001,Exports,670,Saint Vincent and the Grenadines,129838618.858973
9100,Developed Economies,2001,01/01/2001,Exports,524,Nepal,127303339.792912
399,OPEC,2002,01/01/2002,Exports,9200,South-Eastern Europe,123137922.944815
9320,Europe,2001,01/01/2001,Exports,434,Libya,122588885
9320,Europe,2001,01/01/2001,Exports,372,Ireland,119917399
9320,Europe,2000,01/01/2000,Exports,788,Tunisia,119757987.250045
9320,Europe,2000,01/01/2000,Exports,360,Indonesia,118643405
399,OPEC,2001,01/01/2001,Exports,4,Afghanistan,115255014
399,OPEC,2001,01/01/2001,Exports,860,Uzbekistan,113496329.839524
9320,Europe,2000,01/01/2000,Exports,60,Bermuda,113471579
399,OPEC,2001,01/01/2001,Exports,388,Jamaica,112602250
399,OPEC,2001,01/01/2001,Exports,795,Turkmenistan,109846595.728234
9100,Developed Economies,2002,01/01/2002,Exports,882,Samoa,107727921.331346
9100,Developed Economies,2002,01/01/2002,Exports,175,Mayotte,106880821.007544
9320,Europe,2001,01/01/2001,Exports,762,Tajikistan,106652261
9100,Developed Economies,2001,01/01/2001,Exports,548,Vanuatu,104939477.794192
399,OPEC,2002,01/01/2002,Exports,554,New Zealand,103626583.123886
9100,Developed Economies,2001,01/01/2001,Exports,674,San Marino,103181293
9320,Europe,2000,01/01/2000,Exports,50,Bangladesh,103179350
399,OPEC,2001,01/01/2001,Exports,222,El Salvador,101173691.146433
399,OPEC,2001,01/01/2001,Exports,398,Kazakhstan,100081012.228956
9320,Europe,2001,01/01/2001,Exports,414,Kuwait,99637763
399,OPEC,2001,01/01/2001,Exports,208,Denmark,98934924.4961697
9320,Europe,2001,01/01/2001,Exports,268,Georgia,97327767
399,OPEC,2002,01/01/2002,Exports,480,Mauritius,97322419.9875762
399,OPEC,2003,01/01/2003,Exports,860,Uzbekistan,97180936.7396369
9320,Europe,2000,01/01/2000,Exports,192,Cuba,96509171
9320,Europe,2001,01/01/2001,Exports,417,Kyrgyzstan,95839673
9320,Europe,2003,01/01/2003,Exports,231,Ethiopia,94228481
9320,Europe,2001,01/01/2001,Exports,124,Canada,93651668
9100,Developed Economies,2001,01/01/2001,Exports,417,Kyrgyzstan,93135580.7779734
9100,Developed Economies,2001,01/01/2001,Exports,4,Afghanistan,92673347
9100,Developed Economies,2002,01/01/2002,Exports,308,Grenada,92445017.5888791
399,OPEC,2001,01/01/2001,Exports,470,Malta,91961611.6520032
9320,Europe,2000,01/01/2000,Exports,682,Saudi Arabia,91351975
9320,Europe,2000,01/01/2000,Exports,44,Bahamas,89769549
9100,Developed Economies,2002,01/01/2002,Exports,646,Rwanda,89733891.1763043
399,OPEC,2002,01/01/2002,Exports,340,Honduras,89272988.3951543
9320,Europe,2002,01/01/2002,Exports,9900,Other,85727866
9100,Developed Economies,2001,01/01/2001,Exports,796,Turks and Caicos Isds,84809277
399,OPEC,2001,01/01/2001,Exports,450,Madagascar,84006432.0291571
9100,Developed Economies,2001,01/01/2001,Exports,646,Rwanda,82876431.8806056
9100,Developed Economies,2001,01/01/2001,Exports,212,Dominica,82495209
9100,Developed Economies,2001,01/01/2001,Exports,527,"Oceania, nes",81489811
9320,Europe,2001,01/01/2001,Exports,586,Pakistan,80813624
399,OPEC,2001,01/01/2001,Exports,51,Armenia,78985132.1411975
9100,Developed Economies,2001,01/01/2001,Exports,659,Saint Kitts and Nevis,78851787.3463484
9100,Developed Economies,2002,01/01/2002,Exports,16,American Samoa,76861018
9100,Developed Economies,2001,01/01/2001,Exports,838,Free Zones,76834992
9320,Europe,2000,01/01/2000,Exports,470,Malta,76687029.7799045
9100,Developed Economies,2002,01/01/2002,Exports,796,Turks and Caicos Isds,76146114
9100,Developed Economies,2002,01/01/2002,Exports,762,Tajikistan,74830374.6191123
399,OPEC,2001,01/01/2001,Exports,203,Czechia,74721701.3244981
399,OPEC,2002,01/01/2002,Exports,579,Norway,74222809.8678593
9320,Europe,2002,01/01/2002,Exports,292,Gibraltar,73570069
399,OPEC,2001,01/01/2001,Exports,50,Bangladesh,73549549.7008172
9320,Europe,2000,01/01/2000,Exports,231,Ethiopia,72862493
9320,Europe,2002,01/01/2002,Exports,807,TFYR of Macedonia,70179598.7441348
9100,Developed Economies,2000,01/01/2000,Exports,548,Vanuatu,69154418.1214431
399,OPEC,2001,01/01/2001,Exports,262,Djibouti,68838856.2547927
9320,Europe,2001,01/01/2001,Exports,408,DPR Korea,67339796
9320,Europe,2001,01/01/2001,Exports,400,Jordan,66991996
9100,Developed Economies,2001,01/01/2001,Exports,140,Central African Rep.,66850990.6891494
9100,Developed Economies,2002,01/01/2002,Exports,776,Tonga,65998124.1916603
9320,Europe,2003,01/01/2003,Exports,70,Bosnia Herzegovina,65782773
399,OPEC,2001,01/01/2001,Exports,579,Norway,65775167.1077192
399,OPEC,2002,01/01/2002,Exports,762,Tajikistan,65408407.6826244
9100,Developed Economies,2002,01/01/2002,Exports,462,Maldives,64862972.9825455
399,OPEC,2003,01/01/2003,Exports,268,Georgia,62061235.8872296
9320,Europe,2002,01/01/2002,Exports,152,Chile,61937714
399,OPEC,2000,01/01/2000,Exports,262,Djibouti,61294564.7602203
399,OPEC,2001,01/01/2001,Exports,417,Kyrgyzstan,61259065.8689928
9320,Europe,2001,01/01/2001,Exports,218,Ecuador,61116254
9100,Developed Economies,2001,01/01/2001,Exports,108,Burundi,60742893.884931
399,OPEC,2003,01/01/2003,Exports,858,Uruguay,60487736.0595354
399,OPEC,2002,01/01/2002,Exports,716,Zimbabwe,59623400.0243827
9100,Developed Economies,2001,01/01/2001,Exports,238,Falkland Isds (Malvinas),57193622.0401443
399,OPEC,2002,01/01/2002,Exports,203,Czechia,56567175.5913321
399,OPEC,2001,01/01/2001,Exports,191,Croatia,56515574.9346111
9100,Developed Economies,2002,01/01/2002,Exports,583,FS Micronesia,55644475
399,OPEC,2003,01/01/2003,Exports,862,Venezuela,54907891.7940321
9320,Europe,2000,01/01/2000,Exports,214,Dominican Rep.,54585370
9320,Europe,2002,01/01/2002,Exports,858,Uruguay,53622132
9100,Developed Economies,2001,01/01/2001,Exports,418,Lao People's Dem. Rep.,51967178
9320,Europe,2001,01/01/2001,Exports,70,Bosnia Herzegovina,51260927
9100,Developed Economies,2001,01/01/2001,Exports,90,Solomon Isds,50808658
9320,Europe,2001,01/01/2001,Exports,50,Bangladesh,50727101
9320,Europe,2002,01/01/2002,Exports,192,Cuba,48193207
9100,Developed Economies,2001,01/01/2001,Exports,666,Saint Pierre and Miquelon,47452695.5465971
9320,Europe,2002,01/01/2002,Exports,214,Dominican Rep.,46525217
399,OPEC,2001,01/01/2001,Exports,854,Burkina Faso,45636417.7663496
9100,Developed Economies,2002,01/01/2002,Exports,580,N. Mariana Isds,45296940
9100,Developed Economies,2001,01/01/2001,Exports,580,N. Mariana Isds,45008775
399,OPEC,2002,01/01/2002,Exports,24,Angola,44913131.4829502
399,OPEC,2001,01/01/2001,Exports,231,Ethiopia,44558947.0319684
9100,Developed Economies,2001,01/01/2001,Exports,678,Sao Tome and Principe,43930879
399,OPEC,2001,01/01/2001,Exports,807,TFYR of Macedonia,43810308.8014293
9320,Europe,2000,01/01/2000,Exports,218,Ecuador,43807597
9100,Developed Economies,2002,01/01/2002,Exports,772,Tokelau,43302170.0776491
9100,Developed Economies,2002,01/01/2002,Exports,174,Comoros,42978776
9320,Europe,2001,01/01/2001,Exports,604,Peru,41936909
9100,Developed Economies,2002,01/01/2002,Exports,296,Kiribati,41854669.3261783
9100,Developed Economies,2001,01/01/2001,Exports,624,Guinea-Bissau,41076646.6841265
9320,Europe,2001,01/01/2001,Exports,104,Myanmar,41066561
399,OPEC,2001,01/01/2001,Exports,340,Honduras,41040020
9100,Developed Economies,2002,01/01/2002,Exports,275,State of Palestine,40711586.5672626
9100,Developed Economies,2001,01/01/2001,Exports,275,State of Palestine,40498570.2558123
9320,Europe,2000,01/01/2000,Exports,320,Guatemala,40391551
9320,Europe,2000,01/01/2000,Exports,51,Armenia,40236018.7856238
9320,Europe,2001,01/01/2001,Exports,442,Luxembourg,39550079
9320,Europe,2003,01/01/2003,Exports,218,Ecuador,39441805
399,OPEC,2001,01/01/2001,Exports,196,Cyprus,39377718.7635745
9320,Europe,2001,01/01/2001,Exports,736,Fmr Sudan,38900094
9320,Europe,2001,01/01/2001,Exports,24,Angola,38710832
9100,Developed Economies,2001,01/01/2001,Exports,637,"North America and Central America, nes",38634923
9100,Developed Economies,2002,01/01/2002,Exports,706,Somalia,37729553
399,OPEC,2002,01/01/2002,Exports,705,Slovenia,35597634.3542396
9100,Developed Economies,2002,01/01/2002,Exports,748,Swaziland,34996318
399,OPEC,2002,01/01/2002,Exports,324,Guinea,34995497.5096449
9320,Europe,2002,01/01/2002,Exports,478,Mauritania,34246891
9320,Europe,2001,01/01/2001,Exports,222,El Salvador,34212850
399,OPEC,2001,01/01/2001,Exports,616,Poland,34049060.6174112
9100,Developed Economies,2002,01/01/2002,Exports,184,Cook Islands,33893408.1730054
9320,Europe,2002,01/01/2002,Exports,384,Ivory Coast,33646039
399,OPEC,2001,01/01/2001,Exports,642,Romania,33034260.5244403
399,OPEC,2002,01/01/2002,Exports,891,Serbia and Montenegro,32487949.9484834
9100,Developed Economies,2001,01/01/2001,Exports,706,Somalia,32326878
399,OPEC,2001,01/01/2001,Exports,466,Mali,31939728.8578063
399,OPEC,2003,01/01/2003,Exports,100,Bulgaria,31620624.175418
9320,Europe,2000,01/01/2000,Exports,222,El Salvador,31297443.6153802
9320,Europe,2002,01/01/2002,Exports,320,Guatemala,31062271
399,OPEC,2002,01/01/2002,Exports,372,Ireland,30967772.5502197
399,OPEC,2001,01/01/2001,Exports,838,Free Zones,30669902
9320,Europe,2002,01/01/2002,Exports,340,Honduras,30436469
399,OPEC,2001,01/01/2001,Exports,372,Ireland,30267499.8887138
399,OPEC,2001,01/01/2001,Exports,246,Finland,29688474.1249391
9320,Europe,2001,01/01/2001,Exports,170,Colombia,29475426
399,OPEC,2002,01/01/2002,Exports,191,Croatia,29271974.678096
9320,Europe,2002,01/01/2002,Exports,32,Argentina,29032462
9100,Developed Economies,2002,01/01/2002,Exports,162,Christmas Isds,28392475
399,OPEC,2002,01/01/2002,Exports,533,Aruba,28308758.0398938
399,OPEC,2002,01/01/2002,Exports,478,Mauritania,27990244.8927893
9100,Developed Economies,2001,01/01/2001,Exports,660,Anguilla,27921988.519163
399,OPEC,2001,01/01/2001,Exports,268,Georgia,27757397.3296705
9100,Developed Economies,2001,01/01/2001,Exports,654,Saint Helena,26657275
399,OPEC,2002,01/01/2002,Exports,540,New Caledonia,25885648
9100,Developed Economies,2002,01/01/2002,Exports,585,Palau,25169402
9320,Europe,2003,01/01/2003,Exports,222,El Salvador,24988998
9100,Developed Economies,2002,01/01/2002,Exports,520,Nauru,24623934
399,OPEC,2003,01/01/2003,Exports,462,Maldives,24532379.2069159
399,OPEC,2001,01/01/2001,Exports,192,Cuba,23748377.6735829
399,OPEC,2002,01/01/2002,Exports,196,Cyprus,22687001.8722035
399,OPEC,2001,01/01/2001,Exports,100,Bulgaria,22035185.4455522
9320,Europe,2001,01/01/2001,Exports,44,Bahamas,21712231
9320,Europe,2001,01/01/2001,Exports,8,Albania,21437779
9320,Europe,2000,01/01/2000,Exports,340,Honduras,21280612
9100,Developed Economies,2001,01/01/2001,Exports,520,Nauru,20788053
399,OPEC,2001,01/01/2001,Exports,462,Maldives,20401981.3471723
399,OPEC,2002,01/01/2002,Exports,508,Mozambique,19908146.9679889
399,OPEC,2002,01/01/2002,Exports,332,Haiti,19860845
9100,Developed Economies,2002,01/01/2002,Exports,876,Wallis and Futuna Isds,19674975.7306083
399,OPEC,2003,01/01/2003,Exports,466,Mali,19504730.3486451
9320,Europe,2002,01/01/2002,Exports,686,Senegal,19426830
9320,Europe,2000,01/01/2000,Exports,188,Costa Rica,18844349
9100,Developed Economies,2002,01/01/2002,Exports,336,Holy See (Vatican City State),18392112
9100,Developed Economies,2001,01/01/2001,Exports,626,Timor-Leste,18017736
399,OPEC,2001,01/01/2001,Exports,72,Botswana,17841638.8318469
9100,Developed Economies,2001,01/01/2001,Exports,64,Bhutan,17417335
9320,Europe,2002,01/01/2002,Exports,862,Venezuela,17224605
399,OPEC,2001,01/01/2001,Exports,232,Eritrea,16935071.3816395
399,OPEC,2002,01/01/2002,Exports,192,Cuba,16583598.1771107
9320,Europe,2001,01/01/2001,Exports,231,Ethiopia,16344797
399,OPEC,2002,01/01/2002,Exports,800,Uganda,16088353.2319095
9320,Europe,2001,01/01/2001,Exports,36,Australia,15898829
9100,Developed Economies,2002,01/01/2002,Exports,581,United States Minor Outlying Islands,15780458
9320,Europe,2002,01/01/2002,Exports,288,Ghana,15597399
9320,Europe,2000,01/01/2000,Exports,9900,Other,15397134
399,OPEC,2001,01/01/2001,Exports,800,Uganda,14796781.415848
9320,Europe,2000,01/01/2000,Exports,478,Mauritania,14725048.4835136
9100,Developed Economies,2002,01/01/2002,Exports,574,Norfolk Isds,14350184
9320,Europe,2002,01/01/2002,Exports,144,Sri Lanka,14128503
9320,Europe,2002,01/01/2002,Exports,148,Chad,14068238
9320,Europe,2001,01/01/2001,Exports,430,Liberia,13829733
9320,Europe,2001,01/01/2001,Exports,4,Afghanistan,13753164
9320,Europe,2000,01/01/2000,Exports,796,Turks and Caicos Isds,13626320
399,OPEC,2003,01/01/2003,Exports,454,Malawi,13619517.0728161
9320,Europe,2002,01/01/2002,Exports,768,Togo,13232135
399,OPEC,2001,01/01/2001,Exports,178,Congo,13181567.4846688
9320,Europe,2002,01/01/2002,Exports,188,Costa Rica,13148783
9320,Europe,2001,01/01/2001,Exports,710,South Africa,12460237
9100,Developed Economies,2001,01/01/2001,Exports,426,Lesotho,12355496
9320,Europe,2001,01/01/2001,Exports,120,Cameroon,12220111
399,OPEC,2002,01/01/2002,Exports,292,Gibraltar,12124514
9320,Europe,2001,01/01/2001,Exports,404,Kenya,12123497
399,OPEC,2003,01/01/2003,Exports,104,Myanmar,11977446.3469472
9320,Europe,2002,01/01/2002,Exports,232,Eritrea,11195263
9100,Developed Economies,2001,01/01/2001,Exports,500,Montserrat,10416601.5931743
9320,Europe,2002,01/01/2002,Exports,674,San Marino,9823300
9100,Developed Economies,2002,01/01/2002,Exports,166,Cocos Isds,9382912
9320,Europe,2000,01/01/2000,Exports,324,Guinea,9309494
9320,Europe,2002,01/01/2002,Exports,60,Bermuda,9301984
9320,Europe,2002,01/01/2002,Exports,204,Benin,9259141
399,OPEC,2003,01/01/2003,Exports,270,Gambia,9182980.32796812
9320,Europe,2002,01/01/2002,Exports,780,Trinidad and Tobago,9145501
9320,Europe,2002,01/01/2002,Exports,834,United Rep. of Tanzania,9084894
399,OPEC,2002,01/01/2002,Exports,524,Nepal,8990745.95182447
9100,Developed Economies,2002,01/01/2002,Exports,612,Pitcairn,8901548
399,OPEC,2001,01/01/2001,Exports,204,Benin,8845874.97259366
9320,Europe,2000,01/01/2000,Exports,780,Trinidad and Tobago,8720717
399,OPEC,2001,01/01/2001,Exports,92,Br. Virgin Isds,8719310
9100,Developed Economies,2001,01/01/2001,Exports,612,Pitcairn,8549189
9320,Europe,2002,01/01/2002,Exports,690,Seychelles,8517373
399,OPEC,2002,01/01/2002,Exports,132,Cabo Verde,8421192.04498643
399,OPEC,2002,01/01/2002,Exports,516,Namibia,8393043.5020292
399,OPEC,2001,01/01/2001,Exports,348,Hungary,7839946.70068295
399,OPEC,2002,01/01/2002,Exports,348,Hungary,7833866.55598789
9320,Europe,2001,01/01/2001,Exports,558,Nicaragua,7775241
399,OPEC,2001,01/01/2001,Exports,68,Bolivia,7641838
399,OPEC,2001,01/01/2001,Exports,104,Myanmar,7606315.26221133
9320,Europe,2002,01/01/2002,Exports,512,Oman,7552270.63337522
399,OPEC,2002,01/01/2002,Exports,108,Burundi,7438057.34019748
399,OPEC,2001,01/01/2001,Exports,442,Luxembourg,7390156.36036255
399,OPEC,2001,01/01/2001,Exports,454,Malawi,7248336.99243576
9320,Europe,2002,01/01/2002,Exports,646,Rwanda,7242806
9320,Europe,2002,01/01/2002,Exports,304,Greenland,7129564
9320,Europe,2002,01/01/2002,Exports,324,Guinea,6967648
9320,Europe,2002,01/01/2002,Exports,554,New Zealand,6386935
399,OPEC,2002,01/01/2002,Exports,328,Guyana,6270262.16801066
9320,Europe,2000,01/01/2000,Exports,352,Iceland,5932111
9320,Europe,2000,01/01/2000,Exports,512,Oman,5915216
399,OPEC,2000,01/01/2000,Exports,266,Gabon,5526666.00370002
399,OPEC,2002,01/01/2002,Exports,28,Antigua and Barbuda,5446078
9320,Europe,2000,01/01/2000,Exports,674,San Marino,5303500
399,OPEC,2001,01/01/2001,Exports,52,Barbados,5286752
9320,Europe,2002,01/01/2002,Exports,9800,Oceania,5275615.00611059
9320,Europe,2001,01/01/2001,Exports,116,Cambodia,5162954
399,OPEC,2001,01/01/2001,Exports,352,Iceland,5129669
399,OPEC,2001,01/01/2001,Exports,376,Israel,5100103.91851597
9320,Europe,2000,01/01/2000,Exports,516,Namibia,5095108
399,OPEC,2002,01/01/2002,Exports,694,Sierra Leone,5050373.19380412
9320,Europe,2002,01/01/2002,Exports,524,Nepal,4952933
9320,Europe,2000,01/01/2000,Exports,524,Nepal,4892705
399,OPEC,2001,01/01/2001,Exports,440,Lithuania,4695713.3742173
399,OPEC,2002,01/01/2002,Exports,894,Zambia,4639421.30893097
9320,Europe,2001,01/01/2001,Exports,418,Lao People's Dem. Rep.,4361340
9320,Europe,2000,01/01/2000,Exports,800,Uganda,4147105
399,OPEC,2001,01/01/2001,Exports,600,Paraguay,4135978
9320,Europe,2002,01/01/2002,Exports,466,Mali,4041009.77856106
9320,Europe,2002,01/01/2002,Exports,670,Saint Vincent and the Grenadines,4016592
399,OPEC,2002,01/01/2002,Exports,562,Niger,3945909.473599
399,OPEC,2002,01/01/2002,Exports,690,Seychelles,3913204.15990768
399,OPEC,2003,01/01/2003,Exports,646,Rwanda,3894405.14596627
9320,Europe,2000,01/01/2000,Exports,480,Mauritius,3868656
9320,Europe,2002,01/01/2002,Exports,854,Burkina Faso,3822551
9100,Developed Economies,2001,01/01/2001,Exports,10,Antarctica,3727659
399,OPEC,2002,01/01/2002,Exports,678,Sao Tome and Principe,3709402.43292369
9320,Europe,2000,01/01/2000,Exports,646,Rwanda,3636711
9100,Developed Economies,2001,01/01/2001,Exports,86,Br. Indian Ocean Terr.,3634937
9320,Europe,2002,01/01/2002,Exports,694,Sierra Leone,3431335.79336808
399,OPEC,2001,01/01/2001,Exports,212,Dominica,3352622
9100,Developed Economies,2001,01/01/2001,Exports,570,Niue,3272999
9320,Europe,2002,01/01/2002,Exports,84,Belize,3161145
399,OPEC,2002,01/01/2002,Exports,148,Chad,3148485.32505162
9320,Europe,2000,01/01/2000,Exports,178,Congo,3139248
9320,Europe,2001,01/01/2001,Exports,584,Marshall Isds,3078120
399,OPEC,2002,01/01/2002,Exports,116,Cambodia,2977282.25362317
9320,Europe,2000,01/01/2000,Exports,9800,Oceania,2868915.35560545
9320,Europe,2002,01/01/2002,Exports,800,Uganda,2857151
399,OPEC,2001,01/01/2001,Exports,646,Rwanda,2841375.13641909
9320,Europe,2000,01/01/2000,Exports,768,Togo,2816163
9320,Europe,2000,01/01/2000,Exports,466,Mali,2795161
399,OPEC,2002,01/01/2002,Exports,308,Grenada,2789954
399,OPEC,2001,01/01/2001,Exports,270,Gambia,2773905.06283128
399,OPEC,2003,01/01/2003,Exports,96,Brunei Darussalam,2704969.64830336
9100,Developed Economies,2001,01/01/2001,Exports,260,Fr. South Antarctic Terr.,2596672
399,OPEC,2001,01/01/2001,Exports,180,Dem.Rep. of the Congo,2423559.38630569
9320,Europe,2002,01/01/2002,Exports,352,Iceland,2336281
399,OPEC,2001,01/01/2001,Exports,8,Albania,2273320
399,OPEC,2003,01/01/2003,Exports,92,Br. Virgin Isds,2199267
399,OPEC,2001,01/01/2001,Exports,266,Gabon,2142517.96454467
9320,Europe,2000,01/01/2000,Exports,530,Neth. Antilles,1995977
399,OPEC,2001,01/01/2001,Exports,430,Liberia,1846678.42060892
399,OPEC,2001,01/01/2001,Exports,837,Bunkers,1833106
399,OPEC,2001,01/01/2001,Exports,96,Brunei Darussalam,1729907.92892078
9320,Europe,2000,01/01/2000,Exports,662,Saint Lucia,1700000
9320,Europe,2000,01/01/2000,Exports,226,Equatorial Guinea,1656097.56890246
399,OPEC,2001,01/01/2001,Exports,428,Latvia,1631974
9320,Europe,2000,01/01/2000,Exports,48,Bahrain,1581716
9320,Europe,2000,01/01/2000,Exports,659,Saint Kitts and Nevis,1505980
399,OPEC,2002,01/01/2002,Exports,740,Suriname,1481937
9320,Europe,2002,01/01/2002,Exports,678,Sao Tome and Principe,1429650
9320,Europe,2001,01/01/2001,Exports,10,Antarctica,1384365
399,OPEC,2001,01/01/2001,Exports,740,Suriname,1333143.51605362
399,OPEC,2002,01/01/2002,Exports,662,Saint Lucia,1314194
9320,Europe,2002,01/01/2002,Exports,516,Namibia,1269451
9320,Europe,2001,01/01/2001,Exports,450,Madagascar,1189924
9320,Europe,2002,01/01/2002,Exports,332,Haiti,1181064
399,OPEC,2001,01/01/2001,Exports,174,Comoros,1107331.40796423
9320,Europe,2002,01/01/2002,Exports,270,Gambia,1095855
399,OPEC,2002,01/01/2002,Exports,670,Saint Vincent and the Grenadines,1070159
9320,Europe,2000,01/01/2000,Exports,670,Saint Vincent and the Grenadines,1011567
9320,Europe,2000,01/01/2000,Exports,212,Dominica,969250
9320,Europe,2002,01/01/2002,Exports,508,Mozambique,963097
9320,Europe,2000,01/01/2000,Exports,180,Dem.Rep. of the Congo,952637
399,OPEC,2002,01/01/2002,Exports,112,Belarus,938057.79566566
399,OPEC,2001,01/01/2001,Exports,60,Bermuda,864017
9320,Europe,2000,01/01/2000,Exports,204,Benin,857363
9320,Europe,2001,01/01/2001,Exports,716,Zimbabwe,855995
399,OPEC,2002,01/01/2002,Exports,703,Slovakia,836060.73408883
399,OPEC,2002,01/01/2002,Exports,498,Rep. of Moldova,828230
9320,Europe,2002,01/01/2002,Exports,660,Anguilla,745172
399,OPEC,2002,01/01/2002,Exports,776,Tonga,742878
9320,Europe,2001,01/01/2001,Exports,48,Bahrain,699119
9320,Europe,2001,01/01/2001,Exports,226,Equatorial Guinea,650241
399,OPEC,2002,01/01/2002,Exports,748,Swaziland,649458
399,OPEC,2001,01/01/2001,Exports,748,Swaziland,636160
9320,Europe,2000,01/01/2000,Exports,332,Haiti,630880
399,OPEC,2002,01/01/2002,Exports,352,Iceland,622066
9320,Europe,2002,01/01/2002,Exports,388,Jamaica,613991
9320,Europe,2002,01/01/2002,Exports,328,Guyana,597230
399,OPEC,2001,01/01/2001,Exports,233,Estonia,586627.95138691
399,OPEC,2001,01/01/2001,Exports,70,Bosnia Herzegovina,577482
9320,Europe,2000,01/01/2000,Exports,52,Barbados,574153.24954002
9320,Europe,2000,01/01/2000,Exports,660,Anguilla,526519.11131691
399,OPEC,2002,01/01/2002,Exports,796,Turks and Caicos Isds,525006
9320,Europe,2001,01/01/2001,Exports,262,Djibouti,522716
9320,Europe,2000,01/01/2000,Exports,678,Sao Tome and Principe,516307
9320,Europe,2002,01/01/2002,Exports,234,Faeroe Isds,509820.32587082
399,OPEC,2000,01/01/2000,Exports,72,Botswana,491976.24776101
9100,Developed Economies,2001,01/01/2001,Exports,74,Bouvet Island,456181
399,OPEC,2001,01/01/2001,Exports,446,"China, Macao SAR",452764.17641048
9100,Developed Economies,2002,01/01/2002,Exports,334,Heard Island and McDonald Islands,448551
399,OPEC,2002,01/01/2002,Exports,20,Andorra,435308
9320,Europe,2000,01/01/2000,Exports,462,Maldives,431250
9320,Europe,2001,01/01/2001,Exports,266,Gabon,403460
9320,Europe,2001,01/01/2001,Exports,600,Paraguay,381036
399,OPEC,2002,01/01/2002,Exports,581,United States Minor Outlying Islands,379002
9320,Europe,2002,01/01/2002,Exports,212,Dominica,365947
9320,Europe,2001,01/01/2001,Exports,581,United States Minor Outlying Islands,352453
9320,Europe,2001,01/01/2001,Exports,68,Bolivia,350062
9320,Europe,2002,01/01/2002,Exports,659,Saint Kitts and Nevis,349587
9320,Europe,2002,01/01/2002,Exports,52,Barbados,347129.98338288
399,OPEC,2002,01/01/2002,Exports,496,Mongolia,294762.65182505
9100,Developed Economies,2001,01/01/2001,Exports,239,South Georgia and the South Sandwich Islands,290957
399,OPEC,2001,01/01/2001,Exports,796,Turks and Caicos Isds,285688
9320,Europe,2001,01/01/2001,Exports,626,Timor-Leste,277883
9100,Developed Economies,2002,01/01/2002,Exports,732,Western Sahara,251118
399,OPEC,2001,01/01/2001,Exports,540,New Caledonia,249713
9320,Europe,2001,01/01/2001,Exports,598,Papua New Guinea,248782
9320,Europe,2003,01/01/2003,Exports,226,Equatorial Guinea,235946
399,OPEC,2001,01/01/2001,Exports,242,Fiji,235169.21101132
399,OPEC,2001,01/01/2001,Exports,84,Belize,227161.86290661
399,OPEC,2000,01/01/2000,Exports,84,Belize,217793
399,OPEC,2001,01/01/2001,Exports,226,Equatorial Guinea,215373
9320,Europe,2001,01/01/2001,Exports,20,Andorra,212897
399,OPEC,2001,01/01/2001,Exports,660,Anguilla,191051
9320,Europe,2001,01/01/2001,Exports,634,Qatar,189758
9320,Europe,2001,01/01/2001,Exports,624,Guinea-Bissau,141193
399,OPEC,2001,01/01/2001,Exports,776,Tonga,139379
399,OPEC,2001,01/01/2001,Exports,624,Guinea-Bissau,137734
399,OPEC,2002,01/01/2002,Exports,584,Marshall Isds,119215
9320,Europe,2003,01/01/2003,Exports,68,Bolivia,118840
9320,Europe,2001,01/01/2001,Exports,706,Somalia,95650
399,OPEC,2003,01/01/2003,Exports,660,Anguilla,89922
9320,Europe,2002,01/01/2002,Exports,894,Zambia,88290
399,OPEC,2002,01/01/2002,Exports,140,Central African Rep.,87631
9320,Europe,2002,01/01/2002,Exports,480,Mauritius,86835
399,OPEC,2002,01/01/2002,Exports,548,Vanuatu,79299
399,OPEC,2001,01/01/2001,Exports,548,Vanuatu,77537
399,OPEC,2001,01/01/2001,Exports,418,Lao People's Dem. Rep.,60623
399,OPEC,2001,01/01/2001,Exports,275,State of Palestine,58667
9320,Europe,2001,01/01/2001,Exports,732,Western Sahara,57580
9320,Europe,2001,01/01/2001,Exports,132,Cabo Verde,55820
9320,Europe,2000,01/01/2000,Exports,508,Mozambique,55342.70234821
9320,Europe,2001,01/01/2001,Exports,562,Niger,53770
9320,Europe,2002,01/01/2002,Exports,530,Neth. Antilles,46806
399,OPEC,2000,01/01/2000,Exports,258,French Polynesia,46555
9320,Europe,2001,01/01/2001,Exports,108,Burundi,43947
9320,Europe,2001,01/01/2001,Exports,140,Central African Rep.,43257
399,OPEC,2002,01/01/2002,Exports,674,San Marino,42327
399,OPEC,2001,01/01/2001,Exports,258,French Polynesia,41919
399,OPEC,2001,01/01/2001,Exports,583,FS Micronesia,36760
399,OPEC,2002,01/01/2002,Exports,732,Western Sahara,35467
9320,Europe,2002,01/01/2002,Exports,86,Br. Indian Ocean Terr.,29754
399,OPEC,2002,01/01/2002,Exports,772,Tokelau,24758
9320,Europe,2002,01/01/2002,Exports,64,Bhutan,23398
399,OPEC,2002,01/01/2002,Exports,574,Norfolk Isds,18512
399,OPEC,2003,01/01/2003,Exports,275,State of Palestine,18221
399,OPEC,2002,01/01/2002,Exports,336,Holy See (Vatican City State),18189
9320,Europe,2002,01/01/2002,Exports,28,Antigua and Barbuda,17840
399,OPEC,2001,01/01/2001,Exports,175,Mayotte,14674.45085311
399,OPEC,2001,01/01/2001,Exports,598,Papua New Guinea,12436.20292688
9320,Europe,2002,01/01/2002,Exports,316,Guam,9930
399,OPEC,2001,01/01/2001,Exports,64,Bhutan,9189
399,OPEC,2001,01/01/2001,Exports,234,Faeroe Isds,7562
399,OPEC,2002,01/01/2002,Exports,585,Palau,6814
9320,Europe,2001,01/01/2001,Exports,740,Suriname,6619
9320,Europe,2000,01/01/2000,Exports,328,Guyana,6535
399,OPEC,2002,01/01/2002,Exports,136,Cayman Isds,5633
9320,Europe,2002,01/01/2002,Exports,776,Tonga,3420
9320,Europe,2001,01/01/2001,Exports,72,Botswana,2955
9320,Europe,2002,01/01/2002,Exports,242,Fiji,2638.00611059
399,OPEC,2001,01/01/2001,Exports,659,Saint Kitts and Nevis,2360
9320,Europe,2002,01/01/2002,Exports,500,Montserrat,2018.86026522
9320,Europe,2001,01/01/2001,Exports,426,Lesotho,1600
399,OPEC,2001,01/01/2001,Exports,882,Samoa,1466.83434822
399,OPEC,2002,01/01/2002,Exports,162,Christmas Isds,1214
9320,Europe,2000,01/01/2000,Exports,500,Montserrat,764.41200611
399,OPEC,2002,01/01/2002,Exports,16,American Samoa,500
399,OPEC,2003,01/01/2003,Exports,659,Saint Kitts and Nevis,71.36887397
9320,Europe,2003,01/01/2003,Exports,72,Botswana,61
9320,Europe,2000,01/01/2000,Exports,776,Tonga,13.35560545
